<?xml version="1.0" encoding="UTF-8"?>
<!-- 电子申请1.0 -->
<!DOCTYPE cn-application-body SYSTEM "/dtdandxsl/cn-application-body-20080416.dtd">
<cn-application-body lang="zh" country="CN">
	<cn-claims><claim num="1"><claim-text>内建实时动态监测的X射线球管，除产生X射线功能外，还实现对X射线球管工作状态的实时监测，与监控主机的数据通信。</claim-text>
		</claim><claim num="2"><claim-text>位于X射线球管内部的一组视觉传感器及信号处理电路，视觉传感器由光学、红外摄像头和光强度传感器构成。</claim-text>
		</claim><claim num="3"><claim-text>位于X射线球管内部及附着于X射线球管，匹配X射线球管阳极转子振动特性的振动和微震传感器及信号放大、调理、采集和处理电路。</claim-text>
		</claim><claim num="4"><claim-text>位于X射线球管内部及附着于X射线球管周边的温度、压力传感器及信号放大、采集电路。</claim-text>
		</claim><claim num="5"><claim-text>位于X射线球管内部的X射线剂量感知器件，及信号放大和采集电路。</claim-text>
		</claim><claim num="6"><claim-text>位于X射线球管内部的数字信号处理电路，与主机的通信电路，通信协议。</claim-text>
		</claim><claim num="7"><claim-text>改进的X射线球管结构，上述传感器和电路的安装方式，连接方式，供电与密封方式。</claim-text>
		</claim><claim num="8"><claim-text>监控主机，实现对X射线球管动态监测数据通信、显示、存储、通信及对外设的控制，并向云端应用服务器发送数据。</claim-text>
		</claim><claim num="9"><claim-text>监控主机内部的与X射线球管通信的接口电路，通信协议。</claim-text>
		</claim><claim num="10"><claim-text>监控主机内部的基于多传感器采集数据的故障诊断和实时多路数据整合分析电路，基于嵌入式处理器的信号处理电路。</claim-text>
		</claim><claim num="11"><claim-text>监控主机内部本地显示、数据存储和联网通信电路，组网方式。</claim-text>
		</claim></cn-claims></cn-application-body>
