<?xml version="1.0" encoding="UTF-8"?>
<!-- 电子申请1.0 -->
<!DOCTYPE cn-application-body SYSTEM "/dtdandxsl/cn-application-body-20080416.dtd">
<cn-application-body lang="zh" country="CN"><cn-drawings><figure id="f1" num="1" figure-labels="图 1"><img id="if1" file="1810222237121.jpg" wi="51.85833" he="66.14584" img-content="drawing" img-format="jpg" orientation="portrait" inline="no"></img></figure><figure id="f2" num="2" figure-labels="图 2"><img id="if2" file="1810222237122.jpg" wi="147.6375" he="57.15" img-content="drawing" img-format="jpg" orientation="portrait" inline="no"></img></figure><figure id="f3" num="3" figure-labels="图 3"><img id="if3" file="1810222237123.jpg" wi="147.6375" he="65.0875" img-content="drawing" img-format="jpg" orientation="portrait" inline="no"></img></figure><figure id="f4" num="4" figure-labels="图 4"><img id="if4" file="1810222237124.jpg" wi="147.6375" he="65.0875" img-content="drawing" img-format="jpg" orientation="portrait" inline="no"></img></figure><figure id="f5" num="5" figure-labels="图 5"><img id="if5" file="1810222237125.jpg" wi="147.6375" he="129.3813" img-content="drawing" img-format="jpg" orientation="portrait" inline="no"></img></figure><figure id="f6" num="6" figure-labels="图 6"><img id="if6" file="1810222237126.jpg" wi="147.6375" he="103.4521" img-content="drawing" img-format="jpg" orientation="portrait" inline="no"></img></figure><figure id="f7" num="7" figure-labels="图 7"><img id="if7" file="1810222237127.jpg" wi="147.6375" he="58.7375" img-content="drawing" img-format="jpg" orientation="portrait" inline="no"></img></figure><figure id="f8" num="8" figure-labels="图 8"><img id="if8" file="1810222237128.jpg" wi="147.6375" he="141.2875" img-content="drawing" img-format="jpg" orientation="portrait" inline="no"></img></figure><figure id="f9" num="9" figure-labels="图 9"><img id="if9" file="1810222237129.jpg" wi="147.6375" he="71.96667" img-content="drawing" img-format="jpg" orientation="portrait" inline="no"></img></figure><figure id="f10" num="10" figure-labels="图 10"><img id="if10" file="18102222371210.jpg" wi="147.6375" he="110.8604" img-content="drawing" img-format="jpg" orientation="portrait" inline="no"></img></figure><figure id="f11" num="11" figure-labels="图 11"><img id="if11" file="18102222371211.jpg" wi="147.6375" he="23.01875" img-content="drawing" img-format="jpg" orientation="portrait" inline="no"></img></figure></cn-drawings></cn-application-body>
