﻿<?xml version="1.0" encoding="utf-8"?>
<data-bus>
  <QINGQIUXX>
    <DIANZISQAJID>c6a3f9c0-5e72-4eed-8b5c-1c1e603ff469</DIANZISQAJID>
    <SHENQINGFS>0</SHENQINGFS>
    <YEWULX>0</YEWULX>
    <WENJIANLX>0</WENJIANLX>
    <TIJIAORDM>9111011276848361X8_001</TIJIAORDM>
    <FAMINGMC>一种内建实时动态监测的X射线球管及监控主机设备</FAMINGMC>
    <SHENQINGH>
    </SHENQINGH>
    <WEINEIBH>
    </WEINEIBH>
    <GUOJISQH>
    </GUOJISQH>
    <NEIBUBH>
    </NEIBUBH>
    <WordVersion>office2007</WordVersion>
  </QINGQIUXX>
  <WENJIANBYSXX>
    <BAOTOUXX>
      <WENJIANBBZ>
      </WENJIANBBZ>
      <WENJIANGS>5</WENJIANGS>
    </BAOTOUXX>
    <BAONEIWJXX>
      <WENJIANBZ>110101.xml</WENJIANBZ>
      <GESHILX>.XML</GESHILX>
      <BIAOGEDM>110101</BIAOGEDM>
      <XIANGDUILJ>110101\110101.xml</XIANGDUILJ>
      <DTDVersion>1.0</DTDVersion>
      <PAGES>4</PAGES>
      <COUNTS>0</COUNTS>
      <SHIFOUBZ>0</SHIFOUBZ>
      <WENJIANMC>发明专利请求书</WENJIANMC>
      <ZHENGMINGYT>
      </ZHENGMINGYT>
    </BAONEIWJXX>
    <BAONEIWJXX>
      <WENJIANBZ>100002.xml</WENJIANBZ>
      <GESHILX>.XML</GESHILX>
      <BIAOGEDM>100002</BIAOGEDM>
      <XIANGDUILJ>100002\100002.xml</XIANGDUILJ>
      <DTDVersion>1.0</DTDVersion>
      <PAGES>6</PAGES>
      <COUNTS>0</COUNTS>
      <SHIFOUBZ>0</SHIFOUBZ>
      <WENJIANMC>说明书</WENJIANMC>
      <ZHENGMINGYT>
      </ZHENGMINGYT>
    </BAONEIWJXX>
    <BAONEIWJXX>
      <WENJIANBZ>100001.xml</WENJIANBZ>
      <GESHILX>.XML</GESHILX>
      <BIAOGEDM>100001</BIAOGEDM>
      <XIANGDUILJ>100001\100001.xml</XIANGDUILJ>
      <DTDVersion>1.0</DTDVersion>
      <PAGES>1</PAGES>
      <COUNTS>11</COUNTS>
      <SHIFOUBZ>0</SHIFOUBZ>
      <WENJIANMC>权利要求书</WENJIANMC>
      <ZHENGMINGYT>
      </ZHENGMINGYT>
    </BAONEIWJXX>
    <BAONEIWJXX>
      <WENJIANBZ>100004.xml</WENJIANBZ>
      <GESHILX>.XML</GESHILX>
      <BIAOGEDM>100004</BIAOGEDM>
      <XIANGDUILJ>100004\100004.xml</XIANGDUILJ>
      <DTDVersion>1.0</DTDVersion>
      <PAGES>1</PAGES>
      <COUNTS>0</COUNTS>
      <SHIFOUBZ>0</SHIFOUBZ>
      <WENJIANMC>说明书摘要</WENJIANMC>
      <ZHENGMINGYT>
      </ZHENGMINGYT>
    </BAONEIWJXX>
    <BAONEIWJXX>
      <WENJIANBZ>100003.xml</WENJIANBZ>
      <GESHILX>.XML</GESHILX>
      <BIAOGEDM>100003</BIAOGEDM>
      <XIANGDUILJ>100003\100003.xml</XIANGDUILJ>
      <DTDVersion>1.0</DTDVersion>
      <PAGES>5</PAGES>
      <COUNTS>11</COUNTS>
      <SHIFOUBZ>0</SHIFOUBZ>
      <WENJIANMC>说明书附图</WENJIANMC>
      <ZHENGMINGYT>
      </ZHENGMINGYT>
    </BAONEIWJXX>
  </WENJIANBYSXX>
</data-bus>